reg_row_red,reg_col_red,reg_red,reg_std_mul
7.336018415452355e-14,6.162756009433289e-14,NaN,2.2514234915197744e-12
11.672603209552946,10.306788381254458,NaN,10.556372990478494
