reg_row_red,reg_col_red,reg_red,reg_std_mul
0.000693508124335405,0.0005424917843512881,NaN,0.0006765817443466286
0.9702416109150324,0.9242785617457449,NaN,0.9892753149660527
