reg_row_red,reg_col_red,reg_red,reg_std_mul
0.0007418164305562302,0.0006675128666357898,NaN,0.0006887650486344034
0.901608529619191,0.75249738892399,NaN,0.9784914485324111
