reg_row_red,reg_col_red,reg_red,reg_std_mul
0.000890129989404082,0.0013035131726116943,NaN,0.0007580951903796053
0.8122770753811879,0.23136991768681964,NaN,0.9467357612365165
