reg_row_red,reg_col_red,reg_red,reg_std_mul
0.0006496819477506783,0.0005475302813193642,NaN,0.0006760782390534813
0.990289757411788,0.9360278734337566,NaN,1.0118036838460467
