reg_row_red,reg_col_red,reg_red,reg_std_mul
0.0007515340134582134,0.0011638922101943952,NaN,0.0007317115881905043
0.8184221774602367,0.22478687623953178,NaN,0.9315947999376827
