reg_row_red,reg_col_red,reg_red,reg_std_mul
0.0006706965499887006,0.0006808920570262103,NaN,0.000690129668324273
0.9377303785420358,0.7624155956300355,NaN,0.9971221191397561
