s,gen_pts,row_red,col_red,row_col_red,std_mat,theo_col,theo_row
1,0.000760867,0.000852547,0.000915633,0.000934714,0.0,81920.0,86016.0
201,0.085059262,0.061185868,0.004713527,0.004389154,0.0,620800.0,1.444096e6
401,0.147836032,0.12446261,0.005287763,0.005021132,0.0,702080.0,2.344576e6
601,0.210931937,0.181479444,0.005646625,0.005128195,0.0,751680.0,3.213376e6
801,0.26552977,0.238444194,0.005964689,0.005377458,0.0,783680.0,4.064576e6
1001,0.350845235,0.302213393,0.006242948,0.005467406,0.0,815680.0,4.915776e6
1201,0.363422671,0.364924438,0.006321126,0.00573783,0.0,833440.0,5.752736e6
1401,0.417075576,0.415822265,0.006459931,0.005746121,0.0,849440.0,6.587936e6
